id,label,text
1,smish,Apnar Dutch-Bangla Bank account theke 45000 TK withdraw hoyeche. Jodi apni koren ni tahole akhoni call korun +8801987654321
2,promo,Robi special offer! 10GB internet + unlimited call only 99TK. Dial *123*45# akhon. Offer sesh 31st December.
3,normal,"Bhai khana kheyecho? Ami ekhon office theke berochhi, raste dekha hobe?"
4,smish,"URGENT: Apnar Bkash pin compromise hoyeche, notun pin set korte link e click korun: bkash-verify.tk"
5,promo,Grameenphone Valentine offer! Girlfriend ke surprise din 1GB internet gift kore. Details: *121*3#
6,normal,Kal eksathe movie dekhte jabo? Cineplex e Charlie's Angels cholche.
7,smish,"Apnar NID card expire hoye gieche, renew na korle 50000 TK fine. Verify: nid-gov-bd.com"
8,promo,Samsung Galaxy S21 only 65000 TK! EMI facility available. Visit Bashundhara City today.
9,normal,Ma ekhon kothay? Bazar theke lebu ene deben please.
10,smish,Congratulations! Apni 5 lakh taka lottery jitechen. Claim korte 5000 TK fee send korun bKash e.
11,promo,"Nagad cashback offer! Recharge 100TK, paben 20TK bonus. *167# dial korun."
12,normal,"Tomake khub miss korchi, kokhon ashbe Dhaka te?"
13,smish,Apnar IFIC Bank card block hoye gieche suspicious activity er jonno. Call korun: 01711223344
14,promo,Pizza Hut mega deal! 2 large pizza only 999TK. Home delivery free. Order: pizzahut.com.bd
15,normal,Aj university te class ache? Naki bondho?
16,smish,Bitcoin investment opportunity! Daily 2000 TK income. Register: crypto-bd.net
17,promo,Walton refrigerator 50% discount! Only 3 days left. Visit showroom or call 16263.
18,normal,Apnar chele ki valo ache? Onek din dekhi na.
19,smish,Your mobile number selected for 10 lakh prize. Pay 1000TK processing fee to claim.
20,promo,Airtel night package! Unlimited internet 12AM to 8AM only 25TK. *121*5#
21,normal,"Bhabi rasanna ta khub bhalo hoyeche, recipe ta diben?"
22,smish,Apnar social security benefits er jonno 25000 TK approve hoyeche. Collect korte call: 01612345678
23,promo,Daraz 11.11 sale! Upto 80% off on mobiles. Free shipping. Shop now: daraz.com.bd
24,normal,"Train er ticket kete rakhchi, Chittagong jabo Sunday te."
25,smish,DBBL online banking suspended. Activate korte account details din: dbbl-secure.tk
26,promo,KFC bucket offer! 8 pieces chicken + 2 burgers = 599TK only. Call 16644.
27,normal,"Cricket match ta dekhlam, Bangladesh khub bhalo khelche."
28,smish,Apni Google lottery winner! 50 lakh USD jitechen. Tax 10000TK pay korun.
29,promo,Singer washing machine 20000TK discount! Zero percent EMI. Hotline: 09666777888
30,normal,Bondhu hochhe kemne? Family sob thik ache?
31,smish,Urgent police verification required. Fine avoid korte 2000TK bKash korun 01798765432 e.
32,promo,Banglalink internet package! 30GB internet 30 days validity 299TK. *5000*41#
33,normal,"Aj raat e football match ache, dekho na keno?"
34,smish,Your SIM will be disconnected. Reactivate korte call customer care: 01555123456
35,promo,McDonald's happy meal only 199TK! Free toy included. Drive thru open 24/7.
36,normal,"Tomar boi ta ami porchi, khub interesting."
37,smish,Fraud alert! Someone accessing your bank. Verify immediately: secure-bank-bd.com
38,promo,Bashundhara Group job circular! Apply today. Salary upto 1 lakh. careers.bashundhara.com
39,normal,"Eid er shopping korbo, tumi o jabe Gausia te?"
40,smish,Tax department notice. Pay 15000TK fine or face legal action. Link: tax-bd.org
41,promo,Domino's pizza buy 1 get 1 free! Today only. Order online or call 09666707070
42,normal,Baba apni medicine ta niyechen? Vule jan na please.
43,smish,Apnar Rocket account hacked! Security check korte OTP din: 4578
44,promo,Xiaomi phone flash sale! 50% off original price. Limited time. mi.com/bd
45,normal,Ghumiye porechen? Ami ekhono kaj korchi office e.
46,smish,Court summons! Appear with 20000TK or warrant issued. Contact: law-notice-bd.net
47,promo,Pathao ride free first 5 trips! Promo code: WELCOME2023
48,normal,"Ajke je mishti khelam, recipe ta kothay peyechen?"
49,smish,Your mobile won 25 lakh international lottery! Claim fee 3000TK required.
50,promo,"Elephant Road furniture 60% off! Bedroom set, dining set available. Visit showroom."
51,normal,Bondhu ekhon ki korcho? Bore lagche khub.
52,smish,Banking fraud detected. Secure account immediately: click verify-account-bd.tk
53,promo,Chaldal.com grocery delivery! Fresh vegetables at your doorstep. Order via app.
54,normal,Tomar choto bhai admission niyeche? Kon university te?
55,smish,Income tax refund 35000TK approved! Processing fee 1500TK send immediately.
56,promo,"Berger paint 40% discount! Interior, exterior paints available. Visit dealer today."
57,normal,"Mama, apnar swasthyo kemon? Doctor er kache giechen?"
58,smish,Suspicious login detected Gmail account. Reset password: gmail-security-bd.com
59,promo,Pran juice festival! Buy 3 bottles get 1 free. Available at all superstores.
60,normal,"Train e uthe gelam, 2 ghonta por Sylhet pochabo."
61,smish,UNO office theke notice. Land documents verify na korle problem hobe.
62,promo,Shopno department store Eid collection! Latest fashion 25% off. Visit Dhanmondi branch.
63,normal,Apnar meyer result kemon hoyeche? Khub tension korchilam.
64,smish,Electricity bill due! Pay 8000TK within 24 hours or connection cut.
65,promo,Foodpanda free delivery! Minimum order 300TK. Use code: FREEDEL
66,normal,"Kotha bolte ichche korche, phone korbo ekhon?"
67,smish,Passport renewal urgent! Process fee 5000TK required immediately or expired.
68,promo,Square hospital health checkup package! Full body checkup 2500TK only.
69,normal,"Kal ratre ghumate pari ni, continuous cough e."
70,smish,Your ATM card cloned! Block korte PIN number confirm korun.
71,promo,Aarong Eid collection! Traditional wear upto 50% discount. All outlets.
72,normal,"Ei weather e cha khete mon chache, cafe jabo?"
73,smish,Government tax amnesty program! Register with 10000TK or face penalty.
74,promo,Olimpia fitness gym membership 6 months free! Registration fee 2000TK only.
75,normal,Apnar puran mobile ta still use koren? Notun ante hobe.
76,smish,Your WhatsApp account suspended! Reactivate: whatsapp-verify-bd.com
77,promo,"Transcom electronics mega sale! AC, refrigerator, TV heavy discount."
78,normal,"Vat ta khub tasty hoyeche, kon masala diyechen?"
79,smish,Medical emergency fund! Contribute 2000TK for cancer patient treatment.
80,promo,Cotton World shirt collection! Buy 2 get 1 free offer. All showrooms.
81,normal,Ajker weather report kemon? Brishti hobe naki?
82,smish,Police verification incomplete! Complete process or face arrest within 48 hours.
83,promo,Apex leather shoes Eid offer! Formal shoes 30% discount. Visit outlets.
84,normal,"Apnar didi ke amar salam deben, onek din dekhi na."
85,smish,Your Uber driver license suspended! Verify documents: uber-driver-bd.org
86,promo,"Meena Bazar grocery home delivery! Fresh fish, vegetables. Call 09666778899"
87,normal,Cricket khelbo ajke bikele? Ground book korechi already.
88,smish,Land registration office notice! Complete process with 25000TK fee immediately.
89,promo,Yellow taxi app launch! First ride 50% off. Download and enjoy.
90,normal,Tumi ekhon busy naki? Ektu kotha ache.
91,smish,Your Facebook account hacked! Secure immediately: fb-security-check.tk
92,promo,"Hatil furniture anniversary sale! Bedroom, dining set special price. EMI available."
93,normal,Bondhu school er reunion e jabe? 15 years pore dekha hobe.
94,smish,"Customs duty notice! Foreign parcel held, pay 3000TK clearance fee."
95,promo,"City Bank credit card annual fee waiver! Apply today, get instant approval."
96,normal,"Aj theke Ramadan shuru, shobai ke advance wishes."
97,smish,Your driving license expired! Renew immediately or pay 5000TK fine.
98,promo,Tajmahal tea special offer! Buy 1kg get 500gm free. All retailers.
99,normal,"Ma tomake khoje, phone ta receive koro na keno?"
100,smish,Electricity meter tampering detected! Pay 10000TK fine to avoid disconnection.
101,promo,"Bashundhara LP gas connection! Home delivery, safety guaranteed. Call 16108."
102,normal,"Ajke office theke early leave nibo, bachchader niye park jabo."
103,smish,Court order! Property seizure within 72 hours unless 30000TK paid.
104,promo,Star Cineplex buy 1 ticket get 1 free! Hollywood blockbuster movies.
105,normal,"Ekhon train e, network weak, message late pele sorry."
106,smish,Your mobile banking PIN compromised! Reset immediately: mobile-bank-sec.com
107,promo,Regal furniture showroom grand opening! All items 45% discount first week.
108,normal,"Bondhu ekhane weather khub thanda, jacket niye asho."
109,smish,Insurance claim rejected! Appeal with 7500TK processing fee or lose coverage.
110,promo,"Fresh organic vegetables home delivery! Chemical free, healthy food. Order: freshveg.bd"
111,normal,Tomar family te shobai bhalo ache? Khoj khobor nio na keno?
112,smish,Your passport application cancelled! Resubmit with 8000TK fee within 7 days.
113,promo,Bengal meat special Eid offer! Halal meat home delivery. Best quality guaranteed.
114,normal,"Ajke raat e power cut hobe, generator ready kore rakho."
115,label,text
116,smish,Apnar DBBL account e suspicious transaction hoyeche. Verify korte login korun: http://dbbl-secure.com
117,smish,Bkash theke message: Apnar account temporarily locked. PIN update korun ei link e: http://bkash-pin-reset.net
118,smish,Sonali Bank alert! Apnar card e unauthorized use detect kora hoyeche. Call korun immediately +8801776543210
119,smish,"City Bank: Apni lottery te 10,00,000 TK jitachen. Claim korte OTP din: 54231"
120,smish,Rocket account verification er jonne apnar NID number pathan ei email e: rockethelpdesk@gmail.com
121,smish,Urgent! Apnar Agrani Bank card block hoyeche. Reactivate korte login korun: www.agrani-update.com
122,smish,Bkash refund 1500TK. Claim korte click korun: http://bkash-refund-pay.me
123,smish,Dutch Bangla Bank e unauthorized login attempt. Verify korte SMS korun 01788992233
124,smish,Bangladesh Bank theke final notice. Apnar NID mismatch resolve korte form puron korun: http://nid-bbsecure.info
125,smish,Apnar Islami Bank e kisu problem hoyeche. Resolve korte OTP send korun: 99384
126,smish,DBBL card expire hote cholche. Renewal korte form fillup korun: http://renew-dbbl.org
127,smish,Bkash bonus claim korte OTP din. Apnar 2000TK wait korche! Link: bkash-bonus-now.com
128,smish,HSBC BD: Apnar balance freeze hoyeche. Unlock korte password update korun: www.hsbcbd-check.com
129,smish,EBL security alert! Fraud attempt detect kora hoyeche. Account unlock korte SMS reply korun: UNLOCK
130,smish,Apni BRAC lottery e car jitachen! Claim korte fee send korun Bkash e: 01711223344
131,smish,Jamuna Bank fraud notice: Apnar profile update kora lagbe. Login korun: www.jamunabank-update.com
132,smish,Bkash cashout limit exceed hoyeche. Account unlock korte call korun 09612345678
133,smish,DBBL: Apnar ATM card cancel hote cholche. Confirm korte link click korun: http://secure-dbbl-pay.org
134,smish,Rocket e new device login detect. Verify korte login korun: rocketlogin-safe.net
135,smish,Apni GP mega prize win korechen! Fee pay korlei claim korte parben. Call: 01876543210
136,promo,GP 10GB internet only 148TK! Recharge korun 1212345 number e or visit gp.com.bd
137,promo,Robi Eid offer: 100 min + 2GB internet sudhu 99TK te. Dial *123*99#
138,promo,Bkash cashback! 500TK shopping e 50TK instant back. Valid till 10th Sept.
139,promo,Daraz 9.9 sale! Up to 70% discount electronics e. Shop now: daraz.com.bd
140,promo,Banglalink music pack 49TK te unlimited gaan shunben. Dial *222*8#
141,promo,Pathao Food: 200TK order e 50TK off. Code use korun: FOOD50
142,promo,Shwapno te buy 1 get 1 free fruits offer cholche. Offer valid ajker jonno.
143,promo,Shohoz ticket booking e 20% off bus tickets e. Use promo code: RIDE20
144,promo,Bkash er maddhome recharge korle 5% cashback upto 50TK. Limited time offer!
145,promo,GP amar pack: 2GB + 50 min only 58TK. Dial *121*58#
146,promo,Unimart sale! Grocery items e flat 15% discount. Visit unimart.com.bd
147,promo,Chaldal app e delivery free ajker din e order korle. Shop smart!
148,promo,"Pickaboo.com e smartphone flash sale, 5000TK discount selected models e."
149,promo,Bata footwear e Eid collection up to 40% discount. Visit nearest outlet.
150,promo,GP Bondho SIM offer! Reactivate kore peye jaan 5GB free data.
151,promo,Robi recharge 100TK te paben 30 min free bonus call. Valid 7 days.
152,promo,Bkash er maddhome Shohoz ride payment e 25% cashback. Code: BK25
153,promo,Meena Bazar fresh vegetables e ajke 10% discount. Delivery free.
154,promo,"Banglalink super offer: 1 paisa/sec call rate, recharge 29TK."
155,promo,Evaly mega sale! Fashion items e 50% off. Limited stock available.
156,promo,Shohoz ride e ajke rain discount 30%. Promo code: RAIN30
157,normal,"Ami class theke just ber hoyechi, tumi kothay aso?"
158,normal,Kalke adda dite jabi? Coffee House e bose thakte pari.
159,normal,Maa bolse bazar theke shutki niye ashte. Tui asbi?
160,normal,Aajke raat e cricket match dekbi? India vs Bangladesh!
161,normal,Tumi amar message dekhso but reply korso na keno?
162,normal,"Kazi office e late hobe, dinner amar jonno rekhe dio."
163,normal,"Ajke shokale khub brishti porse, college e jete parini."
164,normal,"Ami notun ekta phone kinechi, camera khub bhalo!"
165,normal,"Aajke Inaya k onek rojroja lagche, doctor er kache niye jabo."
166,normal,Tumi ki ekhono Bashundhara e thako naki move korcho?
167,normal,Kani ajke school e drawing competition e prize paishe!
168,normal,"Ami r Adhika park e gechilam, khub moja hoyeche."
169,normal,"Ektu pore call korbo, ekhon meeting e asi."
170,normal,"Kalke shopping korte jabo, tui ashte parbi?"
171,normal,Aajke Inaya khub roddure khelte giye jole geche.
172,normal,Tui amar sathe Friday e jamai bodol e jabi?
173,normal,Mama bari giyechili kalke? Shobai kemon ache?
174,normal,"Ami r shohor ghure ashlam, ekhon khub tired lagche."
175,normal,"Ajke adda cancel korbo, karon matha betha hocche."
176,normal,Exam er preparation kemon cholche tomar?
177,smish,"DBBL account holder, apnar account e ekta suspicious transaction detect kora hoyeche jeta apnar approval ছara hoyeche. Security reason e account temporarily lock kora hoyeche. Please verify korte ei link visit korun: http://dbbl-secure-check.com otherwise account permanently suspend hoye jabe."
178,smish,"Bkash customer, apnar wallet e recent unauthorized access detect kora hoyeche from foreign IP. Apnar balance protect korte otp confirm korte hobe. Kindly login kore verification complete korun ekhuni: http://bkash-wallet-verify.net or apnar taka loss hote pare."
179,smish,Sonali Bank theke apnar card suspiciously used kora hoyeche online shopping er jonne. Account freeze kora hoyeche temporarily. Unlock korte please call korun +8801798765432 immediately or visit www.sonalibank-secure.com. Apnar delay hole account permanently bondho hoye jabe.
180,smish,"City Bank lottery department er message: Apni City Bank er special draw te 15,00,000TK win korechen. Claim korte hoye apnar account verify korte hobe. Ei form fillup korun: http://citybank-claimprize.org. Claim na korle prize cancel hoye jabe."
181,smish,Rocket account verification pending ase. Apnar NID mismatch er karone account lock hote pare. Please resend apnar NID number with date of birth to rockethelpdesk@yahoo.com within 24hrs. Failure hole apnar account close kora hobe permanently.
182,smish,Apni Agrani Bank card er fraud attempt er jonne risk list e chole aschen. Unlock korte online verification korte hobe. Kindly click ei secure portal: www.agranibank-verify.info and submit apnar pin. Delay hole taka freeze hoye jabe.
183,smish,Bkash refund system: Apnar account e 2500TK refund wait korche but verify korte hobe. OTP pathan 01788992211 e or click korun: http://bkashrefund-secure.com. Apni verification complete na korle taka cancel hoye jabe.
184,smish,Dutch Bangla Bank alert! Apnar account onekbar wrong password diye access korte chesta hoyeche. Apnar account protect korte verification dite hobe. Login korun ekhuni: www.dbbl-update-login.org. Apnar dheri korle account block hoye jabe.
185,smish,"Bangladesh Bank er taraf theke final reminder: Apnar NID information er sathe mismatch dekha jacche. Eita resolve korte please form submit korun: http://bb-secure-update.com. Jodi apni verification complete na koren, apnar account freeze hoye jabe."
186,smish,Islami Bank er message: Apnar card er transaction limit chole jacche. Verify korte otp send korun: 99383. Verification na korle apnar taka automatic block hoye jabe. Please take action immediately.
187,smish,HSBC BD security alert: Apnar account unauthorized login attempt detect hoyeche Singapore IP theke. Ei issue fix korte please password update korun ekhuni: www.hsbcbd-loginfix.net. Apnar action na nile balance freeze hoye jabe.
188,smish,"EBL customer, suspicious transaction attempt hoyeche apnar credit card diye. Unlock korte apnar mother’s name and pin verify korte hobe. SMS reply korun: UNLOCK with details within 6 hours. Na korle card permanently block hoye jabe."
189,smish,BRAC lottery result: Apni 2nd prize e brand new car jitachen. Claim korte verification fee pathate hobe Bkash number 01711223344 e. Fee na pathale apnar prize cancel hoye jabe. Claim ekhuni confirm korun.
190,smish,"Jamuna Bank urgent alert! Apnar online banking account suspicious activity er karone restricted hoyeche. Please login ekhuni: www.jamuna-safeupdate.org and verify apnar details. Jodi verification complete na koren, apnar account terminate hoye jabe."
191,smish,"Bkash user, apnar account cashout limit cross korar karone block hoyeche. Unlock korte customer care call korun immediately 09612340000 and apnar pin confirm korun. Na korle apnar taka freeze hoye jabe."
192,smish,DBBL card renewal request: Apnar ATM card expire hote cholche. Renewal korte application form fillup korun ekhuni: http://renew-dbbl-card.org. Dheri korle card permanently cancel hoye jabe.
193,smish,"Rocket user, new device login detect hoyeche. Apnar security jonne verify korte please login ekhuni: rocketlogin-safe.net and apnar mobile otp confirm korun. Delay hole account suspend hoye jabe."
194,smish,GP mega prize announcement: Apni GP special lucky draw te 5 lakh TK win korechen. Prize collect korte verification fee pay korte hobe. Call now: 01876543210. Late hole prize cancel hoye jabe.
195,smish,Nagad wallet er account suspend hoye jabe if verification na koren. Please confirm apnar NID and OTP within 24 hours via secure link: www.nagad-verify.org. Failure hole account permanently close hoye jabe.
196,smish,IFIC Bank fraud alert! Apnar credit card e duplicate transaction hoyeche. Account freeze hoar age login korun ekhuni: www.ificbank-safe.net and details update korun. Immediate action chara taka loss hoye jabe.
197,promo,GP exclusive offer: Unlimited YouTube pack 89TK only for 7 days! Amar GP app theke activate korun or dial *121*89#. Video streaming unlimited enjoy korun. Ei offer shesh hoye jabe 7th Sept e.
198,promo,Robi Eid campaign: Recharge 149TK and get 5GB internet + 200 mins bonus call valid for 30 days. Apnar entertainment ar connectivity ek sathe. Dial *123*149# now or visit robi.com.bd.
199,promo,"Daraz 11.11 mega sale coming! Electronics, fashion, and groceries up to 80% discount. Free delivery and flash deals every hour. Shop now at daraz.com.bd and save big before stock runs out."
200,promo,Banglalink music bundle: Recharge 79TK and enjoy unlimited Bangla gaan streaming for 30 days. Dial *222*79# to activate. Ei offer sudhu September month er jonno valid.
201,promo,"Pathao Food mega offer: First order e paben flat 100TK discount! Minimum order 250TK. Use promo code PATHAO100. Hurry, ei chance miss korben na. Download app and enjoy food from top restaurants."
202,promo,"Shohoz bus ticket booking e 15% discount across Bangladesh. Use code: RIDE15. Valid till 30th Sept. Book tickets from Dhaka to Chittagong, Sylhet, Khulna and more with Shohoz app."
203,promo,Bkash shopping cashback: Pay with bkash QR code at any outlet above 500TK and instantly paben 10% cashback up to 100TK. Offer valid only till this Friday.
204,promo,"Shwapno Eid fest: Grocery shopping e buy 1 get 1 free on selected products like rice, oil, and sugar. Visit your nearest Shwapno today and enjoy special discount."
205,promo,GP internet binge offer: 20GB only 399TK for 30 days! Perfect for students and heavy users. Dial *121*399# or activate via MyGP app today.
206,promo,Unimart discount days: Grocery and fresh items up to 25% discount. Home delivery available across Dhaka. Order online at unimart.com.bd.
207,promo,Chaldal app mega saver: Order minimum 500TK and delivery free across Dhaka city. Ei offer sudhu 48 hours er jonno. Save time and shop smart!
208,promo,"Pickaboo smartphone fair: Xiaomi, Realme, Samsung devices up to 7000TK discount plus 6 month EMI. Shop now at pickaboo.com and grab limited stock deals."
209,promo,Bata footwear clearance sale! Flat 40% discount on men’s and women’s shoes. Eid collection available. Visit any Bata outlet across Bangladesh.
210,promo,GP bondho SIM campaign: Reactivate your GP bondho SIM and get 7GB free data instantly. Just recharge 48TK to enjoy this exciting offer.
211,promo,Robi recharge bonus: Recharge 199TK and get 5GB internet + 100 min free. Validity 10 days. Dial *123*199# to activate. Don’t miss it.
212,promo,Bkash + Shohoz ride promo: Pay with bkash for Shohoz ride and get 25% cashback instantly. Maximum cashback 50TK per ride. Code: BK25.
213,promo,Meena Bazar online grocery: Order fresh vegetables and fruits today and get 15% off. Use promo code: FRESH15. Free delivery available.
214,promo,Banglalink call rate blast: Enjoy 1 paisa/second to all numbers for 7 days. Just recharge 49TK. Dial *222*49# now.
215,promo,"Evaly shopping carnival: Fashion, electronics, and beauty products up to 60% discount. Shop from home and save big. Limited stock available."
216,promo,Shohoz rain special: Ajker brishtir dine Shohoz ride e enjoy 30% discount. Just use promo code: RAIN30 while booking your ride.
217,normal,"Ajke shokale khub rush chilo, ami metro te onek deri kore class e pochhachi. Tumi ki already campus e eshe giyecho naki ekhono rastay?"
218,normal,"Maa boleche bazar theke shutki ar mustard oil niye aste hobe. Tumi jodi free thako, amra ek sathe jete pari, karon amar ekla jete mon chay na."
219,normal,Kalke adda korte bosle shobai plan korchilo Cox’s Bazar e jabar. Tumi ki ashte parba? Hotel booking korte hole age theke decide korte hobe.
220,normal,Ajker cricket match ta khub moja hoyeche. Bangladesh onek bhalo khelse but last over e jite pare nai. Tumi ki live match dekhecho naki highlights?
221,normal,"Tumi amar message read korso but reply dila na. Ki re, busy chile? Amar matha betha hocchilo tai tomar sathe kotha bolte chaitam."
222,normal,"Dinner time e amake wait korte hobe kina janina, karon office e abar overtime diche. Tumi jodi thako tahole amar jonno kichu ranna kore rakhba."
223,normal,Ajke brishti porse tai college cancel hoye gelo. Tumi ki campus e jete perecho naki amader moto class miss korso?
224,normal,"Ami notun ekta phone kinechi ajke, camera quality khub bhalo. Next time dekha hole tor ke kichu portrait tule debo."
225,normal,"Inaya ajke school e onek moja koreche, new rhymes shikhe abar amader ke geye shunacche. Tui next time ashbi tahole o tomar sathe o gaan gabo."
226,normal,Tumi ki ekhono Bashundhara e thako naki already Uttara e move korso? Ami tor sathe kisu diner modhye dekha korte chai.
227,normal,"Kani ajke school er drawing competition e first prize peyeche. O onek excited chilo, amar mone hoy tomar sathe ekbar share korbe."
228,normal,"Ami r Adhika park e ghurte giyechilam, roller slide e o khub moja korse. Tore dekhale tumi o enjoy korta."
229,normal,"Ektu pore tomar ke call korbo, ekhono meeting e boshe asi. Amar presentation cholche tai kisu bolte parbo na ekhon."
230,normal,Kalke shopping korte jabo Bashundhara City te. Tui ki free? Amra ek sathe giye dekhte pari new collections.
231,normal,Inaya ajke brishtir modhye khelte giye thanda lege geche. Doctor e niye jete hobe shondhay. Amar sathe tui ashbi naki?
232,normal,"Tui Friday e jamai bodol program e ashte parbi? Sobai ashbe, khub moja hobe. Amra ranna banate plan kortesi."
233,normal,"Mama bari giyechilam kalke. Shobai bhalo ache. Ora toke onek miss korche, bollo kobe ashbi abar."
234,normal,"Ajke purata din shohor ghure beralam. Kothay kothay jam lagse, ekhon abar khub tired lagche. Ami rest nite chai."
235,normal,"Ajker adda cancel korte hobe, amar matha khub betha hocche. Next week abar plan kori, tumi jodi time pasho."
236,normal,Exam preparation er karone amar raat jaga cholche. Tor preparation kemon hocche? Bhalo practice korteso to?
237,smish,"Dear DBBL customer, apnar account er against e ekta unusual foreign transaction identify kora hoyeche. Ei suspicious activity immediately block kora hoise. Apnar balance protect korte verification korte hobe within 24 hrs. Kindly visit this secure page: http://dbbl-secure-update.org and provide apnar NID, pin, and password. Delay hole apnar account permanently freeze hoye jabe."
238,smish,Bkash er fraud alert: Apnar wallet unauthorized device theke login attempt kora hoyeche. Apnar taka risk e ache. Please ekhuni otp confirm korun: 54321. Verification complete na korle apnar wallet lock hoye jabe ar taka harie jete pare.
239,smish,"IFIC Bank er message: Apni random lottery e 7,50,000 TK jitachen. Ei taka claim korte hoye verification fee pathate hobe Bkash number +8801711223344 e. Claim confirm korte otp code 88721 use korun. Delay hole prize cancel hoye jabe."
240,smish,Agrani Bank system maintenance notice: Apnar account er KYC update hoy nai. Ei jonno apnar account block hoye jabe within 48hrs. Please visit www.agranibank-update.net and login to verify apnar details now. Otherwise apnar service suspend hobe.
241,smish,"EBL er taraf theke bolchi, apnar credit card duplicate use detect kora hoyeche. Ei karone temporarily freeze kora hoise. Unlock korte ekhuni SMS reply din with apnar last 4 digit of card. Apnar taka bachaite ekdom deri korben na."
242,smish,"HSBC Bangladesh fraud notice: Apnar internet banking access multiple failed attempts detect kora hoise. Ei activity suspicious, apnar account temporarily suspend. Kindly update password ekhuni: www.hsbcbd-update.org. Delay hole account close hoye jabe."
243,smish,BRAC Bank alert: Apnar balance er sathe mismatch dekha jacche system e. Apnar taka secure korte ekhuni verify korte hobe apnar account. Please click http://brac-safe-check.com and complete verification. Jodi na koren tahole balance withdraw hote pare.
244,smish,Rocket er taraf theke urgent SMS: Apnar account block hote cholche as your identity mismatched. Please resend apnar date of birth with NID number to this secure mail: rocketsecure@gmail.com. Eita na korle account permanently terminate hoye jabe.
245,smish,"City Bank e unauthorized foreign card transaction attempt hoyeche. Apnar card protect korte ekhuni OTP confirm korte hobe. Please reply kore din OTP: 991122. Jodi apni action na nin, card permanently block hoye jabe."
246,smish,"Nagad user, apnar wallet er sathe multiple device linked hoyeche. Ei activity suspicious. Wallet protect korte login korun: www.nagadwallet-secure.net. Verification complete na korle wallet suspend hobe ar taka freeze hoye jabe."
247,smish,"Jamuna Bank customer, apnar internet banking er against e ekta complain asheche je apnar profile incomplete. Account close hote pare within 48hrs. Ei shomoyr modhye update korte login korun: http://jamunabank-update.org. Action na nile taka harano jete pare."
248,smish,"Bangladesh Bank notice: Apnar NID mismatch problem solve korte ekhuni form fill up korte hobe. Please visit bb-secure-info.net and provide apnar details. Jodi na koren, apnar bank accounts across Bangladesh freeze hote pare."
249,smish,DBBL card renewal final notice: Apnar debit card expire hote cholche. Renewal korte ekhuni online application form fillup korun: http://dbbl-renewal.org. Apnar action chara card permanently deactivate hoye jabe.
250,smish,Bkash refund: Apnar account eligible for 3000TK cashback but verification pending ase. OTP confirm kore click korun: bkash-cashback-check.com. Ei action complete na korle taka expire hoye jabe.
251,smish,"Agrani Bank balance discrepancy alert: Apnar account balance er sathe 15,000TK mismatch found. Verify korte ekhuni login korun: www.agranibank-secure.info. Delay hole apnar account automatic hold hoye jabe."
252,smish,Dutch Bangla Bank ATM card unauthorized use detect hoyeche. Apnar account safety er jonno card block kora hoise. Unlock korte please call +8801987654321 now. OTP provide na korle account close hoye jabe.
253,smish,"EBL er lucky draw message: Apni ekta Toyota Corolla win korechen! Claim korte processing fee pay korte hobe. Fee joma din ekhuni: 01744556677 e Bkash. Jodi 24hrs er modhye claim na koren, prize cancel hoye jabe."
254,smish,Islami Bank er system update: Apnar profile incomplete dekhacche. Verification korte hoye please apnar account login korun: www.islamibank-update.org. Action na nile apnar account block hobe for indefinite period.
255,smish,"Bkash customer, apnar PIN expired hoye geche. Update korte please ekhuni login korun: bkash-pinupdate.com. Jodi na koren tahole apnar account deactivate hoye jabe ar balance hara jete pare."
256,smish,City Bank urgent alert! Apnar credit card er against e multiple online transactions attempt hoyeche. Ei fraud prevent korte please SMS din: STOP to 17111 within 2hrs. Na korle apnar taka automatic transfer hoye jabe.
257,promo,"GP Summer pack: Recharge 249TK and get 15GB internet + 150 min call, validity 30 days. Amar GP app e peye jaben special voucher extra. Ei offer sudhu September month er jonno available, tai deri korben na!"
258,promo,Robi mega recharge bonus: 299TK recharge korlei paben 20GB data + 300 mins call bonus for 30 days. Offer shesh hobe 15th Sept e. Amar Robi app e activate korun and enjoy super connectivity.
259,promo,"Daraz Mega Fest! Shop electronics, fashion, and kitchen items up to 75% discount. Free delivery on orders above 1000TK. Flash deals prottek 2 ghontay. Visit daraz.com.bd and grab the deal now."
260,promo,Banglalink music lovers pack: Sudhu 99TK e enjoy unlimited Bangla gaan streaming for 30 days + free caller tune. Activate korte dial *222*99# or BL app use korun. Ei chance miss korben na.
261,promo,Pathao Food exclusive: Ei week er shesh din e order korle flat 25% discount on all partner restaurants. Minimum order 300TK. Promo code: FOOD25. Pathao app diye order din ar moja korun.
262,promo,"Shohoz bus travel discount: Dhaka to Sylhet bus tickets 20% discount with code SYLHET20. Valid till 15th Sept only. Book korar jonno Shohoz app use korun. Safe travel, low cost."
263,promo,"Bkash QR shopping cashback: Spend 1000TK+ at super shops using Bkash QR and get instant 10% cashback up to 200TK. Valid till 10th Sept. Shop more, save more!"
264,promo,Shwapno grocery fest: Buy 5kg rice and get 1kg sugar free. Offer valid across all Shwapno outlets this weekend. Groceries khub easily order korte parben app theke.
265,promo,"GP binge internet: 50GB pack only 599TK for 30 days. Ideal for students, gaming, and heavy users. Activate ekhuni *121*599# e. Limited time only."
266,promo,Unimart fresh fest: Fruits and vegetables e 20% discount till 12th Sept. Home delivery available instantly. Shop online at unimart.com.bd.
267,promo,"Chaldal app festival: Order groceries worth 700TK and enjoy free delivery across Dhaka. Plus, paben 10% cashback using Bkash. Offer valid ajker din porjonto."
268,promo,"Pickaboo electronics sale: Laptop, mobile, ar accessories up to 8000TK discount + 12 months EMI option. Limited stock. Visit pickaboo.com for details."
269,promo,Bata footwear Eid clearance: 50% discount men’s and women’s shoes er upor. Fashion accessories o available. Visit nearest Bata store to grab your pair.
270,promo,GP bondho SIM comeback: Reactivate kore instantly 10GB data free and 100 mins bonus call. Recharge 58TK and enjoy the benefit. Offer shesh hobe soon.
271,promo,Robi 4G blast offer: Recharge 109TK and paben 5GB high-speed 4G data valid 10 days. Amar Robi app theke activate korun today.
272,promo,"Bkash + Pathao Ride: Pay via bkash and enjoy 30% cashback up to 60TK per ride. Validity 7 days. Promo code: RIDE30. Travel cheap, travel safe."
273,promo,Meena Bazar super saver: Shop fresh vegetables and fruits worth 1000TK and get flat 200TK discount. Use code MB200. Offer valid across Dhaka branches.
274,promo,Banglalink ultra saver: 1 paisa/sec all operator call rate + 3GB data pack only 98TK. Valid 7 days. Dial *222*98# to activate.
275,promo,Evaly carnival sale: Fashion apparels and kitchen items up to 65% discount. Online order delivery free across Dhaka. Offer valid till 20th Sept.
276,promo,"Shohoz bike ride: New user der jonno first 3 rides 50% discount with promo code BIKE50. Hurry, ei chance miss korben na!"
277,normal,"Ajker din ta khub interesting chilo. Class e group presentation chilo, amar team bhalo kore dilo. Sir onek appreciate korse. Amar mone holo amar confidence barche aste aste. Tui ki ajke kono interesting class attend korso?"
278,normal,"Kalke amader plan chilo Bashundhara City shopping jabar, kintu amar khub jor hoye gelo tai jete parlam na. Tore sathe ekdom shopping korte parina. Chai amra abar ekta din fix kori ar boro adda dei."
279,normal,Maa ajke khub moja kore khichuri ranna korse. Brishtir modhye oi khichuri khete onek moja laglo. Tor kache ki brishtir din mane khete khawa special dish er shathe?
280,normal,"Tui ajke dekhechis to, Adhika onek moja kore new rhyme geyeche. She bar bar bole amar school teacher onek bhalo. Amader chhele-meye ra onek fast shikhche, khub valo lagse."
281,normal,Kolkata trip er plan abar discuss korte hobe. Amar mone hocche December e giye pora jabe. Tor passport ready ache to? Plan properly korle moja hobe.
282,normal,Ajker cricket match ta heart-breaking chilo. Bangladesh almost jite giye last over e hara gelo. Sobai disappointed but crowd ta khub support korse. Tor mone hoy ki team er performance improve hocche?
283,normal,"Kalke jamuna future park e giyechilam. New food court open hoyeche, khub moja kore khawa dawa korlam. Tore sathe next time ek sathe giye explore korte parbo."
284,normal,"Ektu age tor message dekhlam, kintu meeting er jonne reply dite parini. Sorry re bhai. Tor kache ki amar assignment er file ache? Ami download korte partesi na."
285,normal,"Kalke school e Sadika Khan Inaaya er annual sports day chilo. She race e second hoyeche, amar onek proud laglo. Tore o ekdin dekhabo video ta."
286,normal,Tui keno amar sathe kotha bolte chaina ajkal? Amar kharap lagse. Tui jodi busy thako tao ekta reply dile valo lagto. Ami jani sobai pressure e thake.
287,normal,"Inaya ajke notun ekta poem shikhlo, 'Twinkle Twinkle' abar abar geye amader bore kore dilo. Tobe maja laglo dekhe she ekhon English shikheche bhalo vabe."
288,normal,Kalke adda e shobai aslo kintu tui ashte parli na. Tor absence onek miss kora gelo. Next time please ekta din free rakhi sobai jeno thakte pare.
289,normal,Ajker brishtite rastay onek jam chilo. University pouchhote amar 2 ghonta lege gelo. Class miss hoye gelo. Amar matha kharap hoye jacchilo.
290,normal,Tui ki ajke GP er offer check korso? Amar mone hoy tor mobile e ekta discount ache. Ami use kore onek data peye gelam.
291,normal,Raysha ajke pora khelar moddhe onek moja korse. She akhon chesta korche alphabets shikhte. Tore ek din dakhabo video ta.
292,normal,"Amra Friday e ekta picnic korte plan korchi, Jatiyo Sriti Shoudho te. Tui free thakle please join kor. Sobai ek sathe khub moja korte parbo."
293,normal,Ami ajke boro diner por gym e giyechhi. Exercise kora khub hard lagse but abar fresh laglo. Tor sathe next time jabo.
294,normal,Exam er preparation cholse khub tough. Sobai rat jage pore. Amar matha ekhono stable ache but tension hochhe. Tui preparation kemon kortecho?
295,normal,Ajke amar choto bon er birthday. Amra choto ekta party korechi bari te. She onek excited chilo gifts receive kore. Tore o invite dite partam jodi tumi kache thakte.
296,normal,Ektu age bazar theke shutki niye ashlam. Maa onek happy holo. Tui ki shutki khawa pachondo korish? Amader bari te sobai favorite khabar.
297,normal,"Ajker din ta purata ghore boshe TV dekhte katlam. Ekta old Bangla cinema chilo BTV te, maja lagse. Tui ki ajke kono TV show dekhechho?"
298,smish,"DBBL account holder, apnar account e aksho 15,000TK er unauthorized transaction attempt hoyeche Malaysia theke. Ei suspicious activity temporarily block kora hoyeche. Account secure korte please visit http://dbbl-secure.org immediately and submit apnar OTP with PIN. Jodi verification na koren, account permanently suspend hoye jabe ar apnar taka harie jete pare."
299,smish,Bkash er fraud protection team er message: Apnar wallet suspicious device e login attempt detect kora hoyeche. Ei activity suspicious and apnar account lock hote pare. Please ekhuni verify korte OTP pathan 01712345678 e. Verification na korle wallet deactivate hoye jabe.
300,smish,Sonali Bank security alert: Apnar debit card online unauthorized purchase er jonne temporarily block kora hoyeche. Unlock korte login korun: www.sonalibank-update.org. Verification delay hole apnar taka permanently freeze hoye jabe.
301,smish,Agrani Bank lottery system er message: Apni 20 lakh TK win korechen in lucky draw. Prize claim korte ekbar verification korte hobe. Kindly submit apnar details ekhuni: agrani-lottery-claim.net. Na korle apnar prize cancel hoye jabe.
302,smish,"EBL customer, apnar credit card multiple bar wrong PIN use hoyeche. Ei suspicious activity er jonne card suspend kora hoyeche. Unlock korte reply korun with apnar mother’s name within 3 hours. Apnar action na nile card deactivate hoye jabe."
303,smish,"BRAC Bank er final warning: Apnar account balance er against e 10,000TK er mismatch detect kora hoyeche. Ei error resolve korte please update your profile ekhuni: www.brac-secure-check.org. Delay hole apnar account hold hoye jabe."
304,smish,HSBC BD er notice: Apnar internet banking account suspiciously multiple failed login attempt detect hoise. Apnar balance protect korte ekhuni password reset korte hobe. Please visit www.hsbcbd-reset.com. Failure hole service suspend hoye jabe.
305,smish,City Bank fraud team er message: Apnar credit card e fraudulent activity detect hoyeche. Apnar card protect korte ekhuni SMS korun STOP to 16222. Action na nile unauthorized withdrawal hoye jabe ar apnar taka harano jete pare.
306,smish,Rocket account verification reminder: Apnar NID mismatch er karone wallet lock hoye jabe 24hr er modhye. Verification korte apnar NID and DOB email korun rocketverify@outlook.com. Action na nile account terminate hoye jabe.
307,smish,Nagad wallet alert: Apnar account e multiple devices connect kora hoyeche jeta suspicious activity. Apnar taka secure korte login korun ekhuni: nagad-safe-check.net. Delay hole account suspend hoye jabe.
308,smish,Jamuna Bank final reminder: Apnar account er profile incomplete thakar karone closure initiate kora hobe. Prevent korte login korun: www.jamunabank-update.info. Verification na korle apnar taka freeze hoye jabe permanently.
309,smish,"Dutch Bangla Bank card renewal department: Apnar ATM card expire hote cholche. Renewal korte ekhuni apply korun: dbbl-cardrenew.org. Jodi na koren, apnar card permanently deactivate hoye jabe ar taka access bondho hobe."
310,smish,Bkash cashback claim: Apnar account e 2500TK cashback pending ache but verification complete hoy nai. Please click bkashcashback.net and provide OTP within 6hrs. Na korle cashback cancel hoye jabe.
311,smish,IFIC Bank alert: Apnar credit card suspicious activity detect hoyeche. Account protect korte login korun ekhuni: ificbank-secure.org. Failure hole apnar card deactivate hoye jabe ar taka withdraw hoye jabe.
312,smish,"Bangladesh Bank er taraf theke bolchi, apnar NID details mismatched. Verification korte form fill up korte hobe ekhuni: bb-update-form.net. Action na nile apnar account sabgulo freeze hoye jabe."
313,smish,EBL lottery claim: Congratulations! Apni ekta luxury car win korechen. Prize collect korte processing fee pay korte hobe immediately 01755667788 e. Fee na pathale prize cancel hoye jabe.
314,smish,Islami Bank notice: Apnar profile er KYC update complete hoy nai. Verification korte visit islami-verify.org. Action na nile apnar account deactivate hoye jabe ar taka harano jete pare.
315,smish,BRAC Bank emergency alert: Apnar balance duplicate transaction er jonne at risk. Please verify ekhuni www.bracbank-protect.org. Delay hole apnar taka automatic transfer hoye jabe.
316,smish,Bkash PIN expired hoye geche. Update korte visit bkash-pinreset.org now. Failure hole apnar account deactivate hoye jabe ar taka harano jete pare.
317,smish,Sonali Bank urgent: Unauthorized login detected. Apnar account protect korte OTP provide korte hobe ekhuni: 77231. Action na nile apnar taka loss hoye jabe.
318,promo,"GP Internet Carnival: Recharge 299TK and get 25GB internet + 200 mins bonus call, validity 30 days. Amar GP app e exclusive voucher paben aro. Ei super offer sudhu ei month er jonno available."
319,promo,Robi 4G Mega Saver: Recharge 199TK and instantly paben 15GB internet + 150 mins calls. Offer shesh hobe 20th Sept. Amar Robi app theke activate korun ekhuni.
320,promo,"Daraz Super September Sale: Electronics, home appliances, ar fashion items up to 70% discount. Free delivery orders above 1200TK. Flash deal shuru hobe prottek 3 ghontay. Visit daraz.com.bd for details."
321,promo,Banglalink unlimited music lovers offer: Sudhu 109TK e 30 din unlimited gaan sunar facility. Caller tune free included. Dial *222*109# and enjoy music non-stop.
322,promo,"Pathao Food happy hour: Every evening 6pm–9pm, enjoy flat 30% discount on all orders above 300TK. Promo code: FOOD30. Order from Pathao app ar moja korun."
323,promo,"Shohoz Travel Saver: Dhaka to Chittagong bus tickets 20% discount, valid till 25th Sept. Use code: DCTG20 in Shohoz app. Travel smooth, save money."
324,promo,Bkash QR Festival: Spend minimum 500TK using Bkash QR at selected outlets and instantly paben 15% cashback up to 100TK. Offer valid only this week.
325,promo,"Shwapno Weekly Saver: Grocery packs e buy 2 get 1 free. Offer valid across all outlets and online orders. Hurry, stock limited!"
326,promo,"GP Binge Pack: 100GB internet only 899TK, validity 30 days. Perfect for heavy streaming users. Activate ekhuni *121*899# or Amar GP app."
327,promo,Unimart online shopping fest: Fruits and vegetables e 20% discount till 18th Sept. Delivery across Dhaka free. Shop online today.
328,promo,Chaldal grocery fest: Shop 1000TK+ and get 150TK cashback using Bkash. Free delivery ajker din er jonno. Shop online easily!
329,promo,"Pickaboo laptop fair: HP, Dell, Lenovo laptops up to 9000TK discount + free bag. EMI option up to 12 months. Visit pickaboo.com today."
330,promo,"Bata super clearance: Men’s, women’s, and kids shoes 40–60% discount. Eid fashion available. Visit Bata outlets across Bangladesh."
331,promo,GP bondho SIM return offer: Reactivate SIM with 49TK recharge and instantly get 8GB internet free. Offer valid for limited time.
332,promo,"Robi recharge blast: Recharge 249TK and get 20GB data + 250 mins call, validity 30 days. Activate now from Robi app."
333,promo,Bkash + Pathao Combo Offer: Pay with bkash for Pathao ride and enjoy 40% cashback up to 60TK per ride. Valid till 15th Sept. Promo code: BK40.
334,promo,Meena Bazar Festive Sale: Shop groceries worth 1200TK and get 250TK discount. Use code MB250. Free delivery across Dhaka.
335,promo,Banglalink ultranet saver: 2GB + 100 min call pack only 98TK. Validity 7 days. Dial *222*98# to activate now.
336,promo,Evaly September Carnival: Kitchen items and home decor up to 65% discount. Order online and enjoy free delivery. Limited stock.
337,promo,Shohoz bike ride special: First 3 rides 50% discount for new users. Promo code: BIKE50. Offer valid till 30th Sept.
338,normal,Ajker din ta purota brishtir modhye katlam. Office pouchhote amar 2 ghonta lege gelo jam er karone. Ekdom exhausted hoye giyechi. Tore mone hochhe tumi abar gari niye jachho?
339,normal,"Kalke adda te onek moja holo. Sobai ek sathe boshe khawa dawa ar golpo korlam. Tui miss korli, next time please ekta din free kore ashish."
340,normal,Maa ajke khub moja kore murgir jhol ranna korse. Brishtir shomoy oi ranna khete khub moja laglo. Tore amar ek plate pathate chai.
341,normal,Tui ajke class e giyechilis? Sir onek bhalo ekta lecture dilo artificial intelligence niye. Ami khub enjoy korlam. Tore note diye debo.
342,normal,Inaya ajke amar sathe school e onek moja korse. She abar ekta chhoto rhyme shikhlo and amader ke geye shunalo. Khub cute laglo.
343,normal,Adhika school e ajke drawing competition e participate korse. O ekta rongin bird er chhobi akse. Sobai appreciate korse. Tore dekhale tumi enjoy korba.
344,normal,Kalke amader family sobai ek sathe Bashundhara City te shopping korte giyechilam. Onno rokom moja holo. Tore sathe next time plan korte hobe.
345,normal,Ajke raat e cricket match er jonno sobai excited chilo. Bangladesh vs India chilo. Last moment e hara gelo but crowd er support khub bhalo chilo.
346,normal,Tui amar message read korso but reply dite deri korli. Amar mone holo tumi busy chile. Jodi amar sathe kotha bolish tahole amar kharap lage na.
347,normal,Maa bolse kalke bari te chhoto ekta dawath hobe. Tui jodi free thakish please ashis. Sobai ek sathe bhalo time katabo.
348,normal,Kani ajke school e spelling competition e second place paishe. O onek excited chilo. Tore sathe news ta share korte holo.
349,normal,Ajker rastar jam dekhe amar matha gorom hoye jacchilo. Metro use kore porte gelo ektu bhalo lagse. Bus e jete gele aro deri hoto.
350,normal,Kalke friend circle er shathe adda dite giyechilam Coffee House e. Khub moja holo. Tore miss korlam oikhane.
351,normal,Raysha ajke onek moja kore mathay rong tullo diye khelar modhye boshe chilo. Khub cute lagchilo. Tore ek din dekhabo.
352,normal,"Ajker class er moddhe group project discussion chilo. Amar group khub active chilo, amra sobai ek sathe valo kach korlam."
353,normal,Tor chhoto bhai ajke amar sathe football khelar moddhe boro moja korlo. O amar shathe khub friendly hoye jacche.
354,normal,Exam er stress khub beshi hocche ajke kalke. Amar matha thik moto kaj korte chay na. Tore preparation kemon cholche?
355,normal,Ajke bazar theke notun shobji kinlam. Khub fresh chhilo. Maa khushi hoye onek ranna korte bollo.
356,normal,Weekend e amra plan korte pari ekta movie dekhte. Tui ki free thakbi? Jodi thakis amra ek sathe plan korte pari.
357,normal,Ajke amar ekjon old school friend eshechilo bari te. O sathe dekha hoye onek moja holo. Sobai kotha bolchilam old memories niye.
358,smish,"Apnar DBBL account er against e ekta suspicious transaction try hoyeche 85,000TK er. Ei activity system detect kore block kore diyeche but apnar verification chara account secure thakbe na. Please login ekhuni www.dbbl-update.org and provide your PIN with OTP. Delay hole account permanently suspend hoye jabe."
359,smish,Bkash fraud alert: Apnar wallet er against e 2 bar unauthorized login attempt kora hoyeche Malaysia IP theke. Apnar taka protect korte verification korte hobe. Please send OTP immediately to 01755667711. Verification na korle wallet block hoye jabe within 12 hours.
360,smish,Sonali Bank security division: Apnar debit card er unauthorized use detect kora hoyeche Dubai e. Ei activity suspicious ar apnar account er taka at risk ache. Please confirm ekhuni www.sonalibank-alert.net visit kore. Confirmation chara card deactivate hobe.
361,smish,"HSBC BD: Apnar internet banking profile er against e suspicious IP login hoyeche. To secure apnar balance, password update korte hobe. Login now: hsbcbd-protect.com. Jodi na koren, apnar service suspend hobe 48hr moddhe."
362,smish,BRAC Bank urgent: Apnar balance mismatch detected between main account and sub ledger. Ei error resolve korte login korun immediately www.bracbank-fix.org. Verification chara apnar account freeze hoye jabe.
363,smish,Jamuna Bank lottery system: Congratulations! Apni 15 lakh TK win korechen but ekhon verification pending ache. Prize claim korte apnar NID details email korun jamunalottery@consultant.com. Verification chara prize cancel hobe.
364,smish,IFIC Bank: Apnar credit card e repeated wrong PIN use hoyeche. Ei suspicious activity jonne apnar card block hoye jabe. Please confirm apnar mother’s maiden name within 3hr reply kore. Failure hole permanent block hobe.
365,smish,Agrani Bank urgent notice: Apnar savings account KYC incomplete. Please verify ekhuni: www.agrani-update.org. Verification chara account lock hoye jabe 24hr moddhe.
366,smish,EBL reward claim: Apni ekta brand new motorbike win korechen. Prize collect korte 3500TK processing fee pay korte hobe immediately 01744556677 e. Payment na korle prize cancel hobe.
367,smish,"City Bank emergency: Apnar account theke 30,000TK transfer attempt kora hoyeche India theke. To cancel transaction ekhuni confirm korun citysecure.org. Confirmation chara apnar taka chole jabe."
368,smish,Nagad account activity: Apnar account multiple times login hoise Singapore IP theke. Ei suspicious activity protect korte login korun nagad-protect.net immediately. Delay hole apnar taka harano jabe.
369,smish,Rocket verification alert: Apnar wallet NID mismatch. Verification complete korte apnar NID and DOB send korun rockethelp@supportmail.com. Verification chara wallet terminate hobe.
370,smish,Bkash cashback: Apnar account e 3000TK cashback pending ache but claim korte ekhuni bkash-cash.net visit korte hobe. Claim chara cashback expire hobe 6hr moddhe.
371,smish,Dutch Bangla Bank KYC mismatch: Apnar account e details wrong detected. Please submit apnar voter ID photo within 12hr. Failure hole account suspend hoye jabe.
372,smish,Bangladesh Bank central system er notice: Apnar all accounts verification pending. Please confirm apnar NID with DOB within 6hr at www.bb-update.com. Failure hole sob account freeze hobe.
373,smish,Sonali Bank urgent: Apnar ATM card suspiciously 3 times wrong PIN use hoyeche. Please reset apnar PIN ekhuni sonali-reset.org visit kore. Delay hole card block hobe.
374,smish,Islami Bank security: Unauthorized transaction detect hoyeche apnar account e. Apnar taka protect korte ekhuni OTP send korun 01799998877. OTP na dile taka harano jabe.
375,smish,EBL lottery claim: Apni ekta brand new car win korechen. Collect korte processing fee pay korte hobe bkash 01733445566 e. Delay hole prize cancel hobe.
376,smish,BRAC Bank reminder: Apnar account balance er against e system glitch detect hoyeche. Please login www.brac-update.org now to fix. Failure hole taka freeze hoye jabe.
377,smish,City Bank urgent warning: Apnar internet banking unauthorized access attempt detect hoyeche. Please verify password reset now cityprotect.org. Failure hole account suspend hobe.
378,promo,GP Internet Carnival extended: Recharge 399TK and instantly paben 30GB internet + 250 mins bonus calls. Amar GP app e aro voucher available. Ei super deal valid till 25th Sept.
379,promo,Robi Bondho SIM return: Sudhu 49TK recharge kore paben 10GB internet free + 100 bonus mins. Offer valid only for reactivation users. Dial *123*49# today.
380,promo,"Daraz Mega Sale: Fashion, electronics, and lifestyle products up to 75% discount. Flash sale shuru prottek din 12PM e. Free delivery on orders above 1500TK."
381,promo,Pathao Rides saver: Daily commute er jonno enjoy 30% discount on 5 rides each week. Promo code: PATH30. Offer valid till end of month.
382,promo,"Shohoz travel special: Dhaka to Sylhet bus tickets 15% discount, valid till 30th Sept. Use code: SYL15 in Shohoz app. Comfortable travel, save taka."
383,promo,Bkash QR Cashback: Spend 800TK+ using QR at selected outlets and get 20% cashback up to 150TK. Valid only this week.
384,promo,"Shwapno grocery mega offer: Weekly shopping e buy 1 get 1 free on fruits and vegetables. Offer across Dhaka outlets. Limited stock, hurry!"
385,promo,GP Binge pack: Unlimited streaming internet 60GB only 499TK. Validity 15 days. Activate with *121*499# now.
386,promo,Chaldal Weekly Saver: Grocery order 1200TK+ and get 200TK cashback using Nagad. Free delivery ajker din e.
387,promo,Pickaboo electronics week: Smartphones up to 7000TK discount + EMI facility. Visit pickaboo.com for best deals.
388,promo,Bata footwear carnival: Shop shoes 50% discount + extra 10% using Bkash payment. Valid till 20th Sept.
389,promo,Meena Bazar weekly discount: Shop groceries worth 2000TK and save 400TK instantly. Use code MB400 at checkout.
390,promo,"Robi Internet Boost: 12GB internet pack only 159TK, validity 7 days. Activate now from Robi app."
391,promo,"Banglalink YouTube Pack: 20GB internet sudhu 249TK, validity 30 days. Dial *222*249# and enjoy unlimited streaming."
392,promo,Unimart fresh fest: Fruits and fish items up to 25% discount. Free home delivery across Dhaka city. Valid this week.
393,promo,Evaly Mega Carnival: Home decor and furniture up to 65% discount. EMI option available. Order today and save big.
394,promo,Shohoz Bike rides: First 5 rides 40% discount new users jonne. Promo code BIKE40. Offer till 25th Sept.
395,promo,"GP Talktime Pack: Recharge 109TK and get 250 mins free calls, validity 15 days. Dial *121*109#."
396,promo,"Daraz Fashion Fiesta: T-shirt, saree, and panjabi collection up to 60% discount. Free voucher available in app."
397,promo,Pathao Food saver: Order 400TK+ and get flat 35% discount with code FOOD35. Offer valid for dinner hours.
398,promo,Chaldal Eid saver: Meat and dairy items special discount pack. Save up to 500TK. Free home delivery within Dhaka.
399,normal,"Ajker din khub bhalo katlo, karon office er kaj time moto shesh korte parlam. Rasta jam kom chhilo, tai ekdom stress free vabe bari pouchhlam. Amar mone hochhe ekhon ektu relax kora uchit."
400,normal,"Kalke amader family dinner chilo, sobai ek sathe boshe boro table e khawa dawa kore onek moja korlam. Maa, baba, ar chhoto ra sobai present chhilo. Old memories gulo abar mone holo."
401,normal,"Tui ajke class e gelo? Sir onek interesting topic niye porashona dilen, jeta ami age konodin sunini. Amar mone hochhe tumi enjoy korta, kintu tumi miss kore geli."
402,normal,Ajker brishtir din e ranna ghore maa khub moja kore machher jhol ranna korse. Garom vat er sathe khete ekdom perfect laglo. Ami chai tumi o ekdin amader sathe khete asho.
403,normal,Adhika school e ajke notun rhyme shikhe abar sobai ke shunalo. Teacher o onek appreciate korlo. Amra onek proud feel korlam. Tumi ashle tomar sathe o share kortam.
404,normal,Inaya raat e amar sathe boshe cartoon dekhe khub moja korse. She character er moto acting kore khub hashashe. Amar din ta pura enjoy holo.
405,normal,Kani school e ajke science fair e participate korse. She ekta chhoto project banai je ta onek lok dekhe admire korse. Teacher bolse next level e participate korte.
406,normal,Raysha ajke mathay rong tullo diye painting korte bosechilo. Chhoto rongin haat diye o drawing korte giye chhoto mess banai dise. Khub cute laglo.
407,normal,Kalke amar school er old friend sathe rastay dekha hoye gelo. Onar sathe boshe ek cup cha kheye onek purono golpo kora holo. Amar mon khushi hoye gelo.
408,normal,"Ajke cricket match chilo Bangladesh vs Pakistan. Last over porjonto pura excitement thaklo. Jodio Bangladesh hara gelo, crowd er energy onek bhalo chhilo."
409,normal,"Exam er pressure khub barse, amar din raat study korte hochhe. Kintu amar mon hocche kisu relax korte chai. Tor preparation kemon cholche?"
410,normal,Weekend e amader plan kora uchit ekta movie dekha. Sobai ek sathe jodi jai taile aro moja hobe. Tui ki free thakbi?
411,normal,Ajker rastar jam dekhe matha gorom hoye jacchilo. Metro niye jawar karone ektu bacha gelo. Bus e thakle aro deri hoto.
412,normal,"Kalke Coffee House e friends der sathe adda chilo. Cha, snacks, ar endless golpo. Ekta bhalo memory hoye gelo."
413,normal,Ajke amar cousin bari te esechilo. Sobai ek sathe boshe onek moja korlam. She onek funny golpo shunalo. Amar din bright hoye gelo.
414,normal,"Amar mobile er charger kharap hoye geche, tai pura din khub problematic laglo. Kalke ekta new charger kinbo. Tui jodi free thakish, sathe chalish."
415,normal,"Ajker office meeting onek lamba holo, manager onek boro plan niye discussion korlo. Amar matha ektu ghure jacchilo, but ekdom bhalo experience holo."
416,normal,Chhoto bhai ajke amar sathe football khelar somoy goal korlo. She onek excited hoye amar sathe celebrate korlo. Amar mon khushi hoye gelo.
417,normal,"Maa kalke bari te dawath dite chay. Sobai ke invite kora hocche. Tui jodi free thakish please esho, sobai ek sathe moja hobe."
418,normal,"Ajke bazar theke notun shobji kinlam. Khub fresh chhilo, maa onek ranna korte chay. Dinner e moja lagbe."
419,smish,"DBBL account holder, apnar account e ekta unauthorized transfer attempt detect hoyeche 1,20,000TK er. Ei suspicious activity system block kore diyeche temporarily, kintu apnar verification na thakle taka chole jabe. Please login now www.dbbl-secureverify.org and provide apnar PIN with OTP. Failure to act within 3hr will result in permanent suspension."
420,smish,Bkash anti-fraud team er notice: Apnar wallet er upor foreign device theke repeated login attempt detect kora hoyeche. Ei suspicious activity protect korte apnar OTP and PIN confirm korte hobe. Please reply to 01712398765 within 2hr. Na korle wallet block hoye jabe permanently.
421,smish,Sonali Bank urgent: Apnar debit card 3 times wrong PIN use er jonne automatic hold hoye geche. Unlock korte verification korte hobe immediately: www.sonalibank-unlock.org. Verification chara apnar card cancel hoye jabe ar taka freeze hoye thakbe.
422,smish,"BRAC Bank er emergency alert: Apnar account balance mismatch detected 50,000TK. Ei system error fix korte login korun: www.bracbank-fixbalance.net. Delay hole apnar taka loss hote pare permanently."
423,smish,HSBC BD cyber security team: Unauthorized login activity detected apnar profile e Singapore IP theke. To protect apnar money please reset password immediately at www.hsbcbd-update.org. Na korle apnar internet banking suspend hoye jabe.
424,smish,IFIC Bank final warning: Apnar credit card verification update hoy nai. OTP confirm korte ekhuni reply korun. Failure hole apnar card deactivate hoye jabe ar taka at risk hobe.
425,smish,Agrani Bank lottery claim: Congratulations! Apni 25 lakh TK win korechen in lucky draw. Prize collect korte verification korte hobe immediately agraniwin@consultant.com e apnar details email kore. Delay hole prize cancel hoye jabe.
426,smish,"EBL credit card alert: Apnar card er upor multiple suspicious transaction attempt kora hoyeche Malaysia theke. Ei taka secure korte password reset korte hobe ekhuni: ebl-securitycheck.org. Jodi na koren, unauthorized withdrawal complete hobe."
427,smish,Rocket wallet verification reminder: Apnar profile incomplete ache. Verification complete korte apnar NID and DOB send korun rocketsecure@live.com. Action na nile apnar wallet permanently terminate hoye jabe.
428,smish,Nagad wallet er upor 2 bar suspicious transaction attempt kora hoyeche. Ei unauthorized activity block korte login korun nagad-protect.org immediately. Failure hole wallet deactivate hoye jabe.
429,smish,City Bank urgent: Apnar internet banking access suspend hote cholche for suspicious device login. Please verify ekhuni citysecure.org. Delay hole apnar taka transfer hoye jabe automatically.
430,smish,Jamuna Bank er notice: Apnar account NID mismatch detected. Verification korte ekhuni login korun jamunaupdate.net. Action chara account close hoye jabe.
431,smish,Dutch Bangla Bank urgent: Apnar ATM card expire hote cholche 48hr er moddhe. Renewal korte ekhuni dbblrenew.org visit korun. Renewal chara card permanently block hoye jabe.
432,smish,Bkash cashback pending: Apnar account e 4500TK cashback ache but claim korte ekhuni bkash-cashclaim.org visit korte hobe. Delay hole cashback expire hoye jabe.
433,smish,BRAC Bank KYC mismatch: Apnar profile incomplete thakbar karone account suspend hote cholche. Verification korte login korun brac-update.org. Verification chara apnar account freeze hobe.
434,smish,Sonali Bank lottery: Apni ekta iPhone 14 win korechen. Prize claim korte 5500TK processing fee pay korte hobe bkash number 01733442255 e. Payment na korle prize cancel hobe.
435,smish,Bangladesh Bank notice: Apnar NID er details mismatch hoyeche banking system e. Please update now at www.bb-updateform.org. Na korle sob account freeze hobe.
436,smish,Islami Bank er fraud alert: Unauthorized transaction attempt kora hoyeche apnar balance er against e. OTP confirm korte reply korun ekhuni. Failure hole taka chole jabe.
437,smish,EBL final warning: Apnar credit card suspiciously inactive thakar karone suspend hoye jabe. Verification korte www.ebl-verify.org login korun. Action chara card cancel hoye jabe.
438,smish,Rocket system reminder: Apnar wallet limit exceed hoye geche. To unlock limit verification korte hobe. Please send apnar details rockethelp@consultant.net e.
439,promo,GP bondho SIM blast: Reactivate SIM with only 29TK recharge and instantly get 6GB internet + 100 mins free. Amar GP app e activate korun today. Limited time offer.
440,promo,"Robi mega internet saver: Recharge 399TK and get 40GB internet + 300 mins calls, validity 30 days. Dial *123*399# to activate now. Don’t miss this deal."
441,promo,"Daraz Electronics Week: Mobile, TV, fridge up to 60% discount. EMI option up to 12 months. Free delivery for Dhaka orders. Shop daraz.com.bd now."
442,promo,Shohoz Travel Carnival: Dhaka to Cox’s Bazar bus tickets flat 20% discount till 30th Sept. Use promo code CB20. Travel easy and save taka.
443,promo,Bkash QR offer: Shop with QR at Meena Bazar 1000TK+ and instantly paben 25% cashback up to 250TK. Valid for this week only.
444,promo,"Shwapno grocery blast: Buy 3kg rice and get 1kg dal free. Offer valid nationwide stores. Hurry, stock shesh hobar age."
445,promo,GP Binge Mega Pack: 150GB internet only 999TK. Validity 30 days. Dial *121*999# or Amar GP app. Perfect for heavy streamers.
446,promo,Chaldal fest: Grocery order 2000TK+ and get 350TK cashback using bkash. Free delivery within Dhaka same day. Order now.
447,promo,"Pickaboo laptop fest: Asus, HP, Dell laptops up to 10,000TK discount. Free backpack included. EMI facility available. Limited stock."
448,promo,Bata footwear clearance: Men’s and women’s shoes 50–70% discount. Extra 5% off with Nagad payment. Offer till 25th Sept.
449,promo,Meena Bazar super saver: Spend 2500TK and get 500TK discount instantly. Use code MB500. Free home delivery in Dhaka.
450,promo,Unimart fresh fest: Fruits and vegetables up to 30% discount. Delivery free for orders above 1500TK. Valid till 20th Sept.
451,promo,"Banglalink 4G internet: 15GB pack sudhu 199TK, validity 7 days. Dial *222*199# to activate now. Don’t miss it."
452,promo,Evaly Carnival: Home appliances and kitchen items up to 70% discount. EMI option up to 18 months. Shop now before stock ends.
453,promo,Shohoz Bike Offer: First 5 rides free up to 60TK each for new users. Promo code BIKEFREE. Valid this month only.
454,promo,"GP Talktime Boost: Recharge 199TK and get 500 mins free calls, validity 30 days. Dial *121*199# now."
455,promo,"Daraz Fashion Fest: Saree, panjabi, and shirts up to 65% discount. Extra voucher available in app. Offer valid for 3 days."
456,promo,Pathao Food delight: Dinner orders above 500TK get 40% discount. Promo code FOOD40. Offer time: 6PM–10PM daily.
457,promo,"Shwapno Eid Saver: Buy 2kg beef and get 500gm chicken free. Limited stock, visit nearest outlet."
458,promo,"Robi social pack: Unlimited Facebook + Messenger only 29TK, validity 3 days. Activate *123*29# now."
459,promo,"Banglalink YouTube mega: 30GB YouTube only 299TK, validity 30 days. Dial *222*299# now."
460,normal,"Ajker puro din ta brishtir moddhe katlam. Office jete jam kom chhilo tai bhalo laglo, kintu rasta ghore pani poray jete kosto hoise. Bari fire eshe ek cup cha kheye relax korlam."
461,normal,Kalke family shobai sathe boshe dinner korlam. Maa boro table e boro ranna korse. Sobai golpo korte korte khawa dawa holo. Khub moja laglo.
462,normal,"Tui ajke class miss korli. Sir khub interesting lecture dilen blockchain niye. Ami shob note korechi, pore toke debo."
463,normal,Ajker din ta ekdom moja chilo karon sobai ek sathe cricket kheltam. Amar chhoto bhai goal korlo ar pura team cheer korlo. Amar matha ghure jacchilo excitement e.
464,normal,Adhika ajke school theke ekta certificate niya ashse for best handwriting. She khub happy ar sobai ke dekhachilo. Amra proud feel korlam.
465,normal,Inaya amar sathe cartoon dekhe onek moja korlo. She abar ekta notun gaan shikhse ar amader ke shunalo. Amar din bright hoye gelo.
466,normal,Kani ajke school er debate competition e participate korse. O boro confidence diye kotha bollo ar judges appreciate korlo. Sobai clapping korlo.
467,normal,Raysha mathay rong tullo diye painting korte giye pura floor e mess kore dilo. Tarpor o she khub cute lagchhilo. Amra pura family hashchilam.
468,normal,Kalke amar ekjon old friend rastay dekha hoye gelo. Onar sathe boshe ek cup cha kheye onek purono golpo holo. Amar din ta special hoye gelo.
469,normal,Ajke Bangladesh cricket match jitse West Indies er against. Sobai excitement e cheer korse. Amar khub bhalo lagse dekhe.
470,normal,"Exam er stress barse din din, amar raat din study korte hochhe. Tui kemon preparation korchis? Amader plan kora uchit ek sathe study korar."
471,normal,"Weekend e amader plan holo ekta movie dekhte jawa. Sobai sathe ek sathe hole aro moja hobe. Tui jodi free thakish, chole asho."
472,normal,Ajker rastar jam ekdom unbearable chhilo. Bus e boshe 2 ghonta waste hoise. Metro use korle eto time waste hoto na. Amar matha gorom hoye geche.
473,normal,"Kalke Coffee House e friends der sathe adda chilo. Cha, snacks, ar endless golpo. Khub moja holo ar ekta bhalo memory hoye gelo."
474,normal,Ajke amar cousin bari te esechilo. Sobai ek sathe boshe onek moja korlam. Se funny golpo shunalo ar sobai hashchilam.
475,normal,Ajker office meeting onek lamba holo. Manager boro project niye presentation dilo. Amar matha ghure jacchilo but onek kichu shikhlam.
476,normal,Maa bolse agami shoptaho chhoto dawath hobe bari te. Sobai ke invite korte bolse. Tui jodi free thakish please esho.
477,normal,Ajke bazar theke notun shobji kinlam. Khub fresh chhilo. Maa ranna kore din ta khub moja kore dilo. Amar din bhalo katlo.
478,normal,Kalke school er assembly te Adhika ekta poem recite korlo. She khub confident chhilo ar sobai clap korlo. Amra khub proud feel korlam.
479,normal,Ajke friend circle er sathe park e boshe onek golpo holo. Cha ar chips kheye adda holo. Amar din ta boro moja diye katlo.
480,smish,Congratulations! Canada immigration lottery te apnar naam selected hoyeche. Visa process korte ekhuni apnar passport scan email korun: canada.visa@processmail.net. Fee joma na dile selection cancel hoye jabe.
481,smish,Delivery agent bolchi: Apnar parcel customs e atke geche for tax clearance. Please pay 2500TK Nagad number 01788992211 te akhoni. Payment chara parcel release hobe na.
482,smish,UK Embassy scholarship award: Apni 100% scholarship win korechen for MSc. Registration korte ekhuni apnar details submit korun ukbd-scholarship.org e. Deadline: 24hr.
483,smish,"NGO relief fund notice: Apnar NID selected hoyeche 15,000TK flood grant er jonno. OTP confirm korte ekhuni call korun +8801844552233. Na korle grant cancel hobe."
484,smish,WHO health warning: Apnar name ekta COVID vaccine batch problem detect kora hoyeche. Replacement jante ekhuni apnar NID send korun vaccine-update@who-sec.net. Delay hole dose cancel hobe.
485,smish,Customs alert: Dubai theke asha ekta parcel apnar naam e stop hoyeche. Release korte ekhuni apnar full details confirm korun customsreleasebd.com. Fee joma dite hobe immediately.
486,smish,BD Police CyberCrime unit theke bolchi: Apnar SIM misuse hoyeche ekta fraud e. Suspend hobar age verification korte ekhuni apnar NID photo mail korun police-verify@casebd.net.
487,smish,Apni ekta global lottery te 1 crore TK win korechen. Collect korte processing fee joma korun 4500TK e-wallet number 01722779900 e. Delay hole prize expire hobe.
488,smish,Urgent: Apnar passport e spelling mistake thakar karone flight cancel hoye jabe. Correct korte ekhuni apnar details send korun immigration-update@securemail.net.
489,smish,PayPal Bangladesh activation: Apnar account block hoye geche suspicious activity er jonne. Reopen korte ekhuni login korun paypalbd-verify.com and submit apnar password.
490,smish,"Dear applicant, apni Grameenphone HR department er interview shortlist hoyechen. Appointment confirm korte 3000TK pay korte hobe ekhuni. Payment chara interview cancel."
491,smish,"Donation alert: Red Crescent apnar NID select koreche for corona family relief. 12,000TK paite ekhuni apnar OTP confirm korun +8801992233445. Failure hole selection cancel."
492,smish,Courier service: Apnar Amazon package hold kora hoyeche. Release korte ekhuni apnar card details confirm korun amazonbd-check.net. Delay hole package return hobe.
493,smish,"Microsoft license expired hoye geche. Jate apnar computer lock na hoy, ekhuni apnar debit card info submit korun update-microsoftbd.org e."
494,smish,"University of Sydney scholarship award. Apnar naam shortlist hoyeche, kintu seat confirm korte 5000TK pay korte hobe bkash 01788223344 te. Delay hole seat cancel hobe."
495,smish,Emergency: Apnar driving license digital card suspend hote cholche. Reactivate korte ekhuni nid + license number send korun rtaservice@checkbd.net. 48hr deadline.
496,smish,Prize claim: Apni ekta Honda bike win korechen. Delivery korte processing fee 8000TK pay korte hobe Nagad number e. Failure hole prize cancel hobe.
497,smish,Visa officer: Apnar US visa lottery select hoyeche. Confirmation korte apnar passport details submit korun www.us-visa-bd.org within 24hr.
498,smish,Electricity board: Apnar prepaid meter e overcharge detect hoyeche. Refund pete ekhuni apnar card info submit korun ebrefunds.net. Delay hole refund expire hobe.
499,smish,Insurance alert: Apnar health insurance expire hoye geche. Renewal korte ekhuni pay korun otherwise apnar claim cancel hoye jabe.
500,promo,"Hotel Cox Today: Book 2 nights, get 1 night free + complimentary breakfast. Early bird offer valid till 15 Sept. Call 01300011223 for booking."
501,promo,Pathao Rides: This week 50% discount up to 80TK on first 3 bike rides. Use promo code BIKE50 now.
502,promo,"Burger Lab Dhaka: Double cheese burger + fries combo only 299TK. Order via Foodpanda, free delivery for Gulshan."
503,promo,GP Gamer Pack: 200 diamonds Free Fire top-up with only 199TK recharge. Dial *121*199# to activate now.
504,promo,"Yellow fashion autumn sale: Saree, panjabi, jeans up to 50% discount. Extra 10% off with City Bank card."
505,promo,Othoba Furniture Fest: Sofa set up to 40% discount. Free delivery in Dhaka city. Shop othoba.com now.
506,promo,Robi travel data pack: 20GB roaming internet only 999TK. Dial *123*999# before traveling abroad.
507,promo,Daraz Eid fest: Daily flash deal on smartphones. Redmi Note 12 Pro 2000TK off. Hurry before stock ends!
508,promo,Biman Bangladesh offer: Dhaka to Sylhet flight 2999TK only. Book today via biman-airlines.com.bd.
509,promo,Uber Eats: First order discount 60% up to 200TK. Use code UBEREATS60. Valid till 10 Sept.
510,promo,GP Music Fest: Enjoy unlimited Bangla gaan streaming 7 days only 49TK. Dial *121*49# to subscribe.
511,promo,Pickaboo Flash Deal: Samsung Galaxy Buds at 25% discount. Free EMI available. Order now.
512,promo,Shohoz Train Ticket: Online booking fee 0TK this week. Book now at shohoz.com.
513,promo,"Arong Mega Sale: Panjabi, kurti, jewellery up to 30% discount. Offer valid in all outlets till 20 Sept."
514,promo,Banglalink Student Pack: 6GB data + 200 mins only 149TK. Dial *222*149# to activate.
515,promo,Meena Click Online: Grocery order 1000TK+ get free 1L oil. Offer valid till stocks last.
516,promo,GP 4G Swap Offer: Swap your SIM to 4G and get 10GB internet free instantly.
517,promo,Khaas Food Organic Offer: Deshi honey 20% discount. Delivery nationwide. Order at khaasfood.com.
518,promo,Shwapno Festive Sale: Buy 5kg atta and get 1kg sugar free. Valid this week only.
519,promo,Pathao Parcel: First parcel delivery free up to 3kg. Promo code FREEDEL.
520,normal,"Ajke university te puro din assignment niye matha ghurlo. Sir ekdom unexpected group project diye dilen. Kichu bujhte parchi na, tui ki already kaj shuru korchis?"
521,normal,Kalke Bishwa Ijtema r jam dekhe rastay 3 ghonta atke chilam. Kintu lokjon er majhe shanti dekhe moja laglo. Sobai ek sathe dua kortese.
522,normal,Ajke amar maa’r birthday. Chhotto ekta cake kine ashlam ar family mile celebrate korlam. Maa khub happy hoilo. Picture pore pathabo.
523,normal,"Cox’s Bazar trip er plan ready. Hotel book kora hoyeche, bus ticket confirm. Khali tui confirm korle group complete hobe. Please joldi decide kor."
524,normal,Kalke Sadiqa class e ekta natok koreche. She dialogue pura confident vabe bolse. Teacher appreciate kore clap dilo.
525,normal,Ajker dinner e chicken roast banano hoilo. Sobai sathe boshe moja kore kheyechi. Maa’r haater ranna ekdom special.
526,normal,Weekend e movie night plan kora holo. Amra ek sathe popcorn banabo ar horror movie dekbo. Tui ready toh?
527,normal,"Ajker raat e akash khub sundor, tara pura clear dekhte pacchi. Balcony te boshe cha kheye moja lagche."
528,normal,Kalke amar phone kharap hoye gelo. Repair korte jete holo New Market. Mechanic bolse motherboard change korte hobe.
529,normal,"Shukrobar bazar e giye onek taka khoroch hoilo. Shobji, machh, mangsho kina holo. Kintu shob fresh chhilo."
530,normal,Ajke class test unexpected easy hoilo. Sob question common chhilo. Amar matha relax hoye gelo.
531,normal,Kalke stadium e cricket match dekhlam. Bangladesh last over e win korlo. Pure crowd cheer korse.
532,normal,Ajke amader flat e load shedding holo 2 ghonta. Sobai roof e boshe adda marlam. Hawa enjoy korlam.
533,normal,Adhika notun ekta gaan shikhse school e. Bari eshe pura family ke shunalo. Sobai clap kore khushi hoilo.
534,normal,Kani ajke chhoto ekta chobi ankse. She ta fridge e lagano hoyeche. Khub cute lagse.
535,normal,Inaya amar sathe ludo kheltese. Ami jete jete she suddenly win kore gelo. Amar khub moja laglo.
536,normal,Ajke office e ekta new colleague eshechhe. Sobai sathe friendly behave korche. Amar bhalo laglo.
537,normal,Kalke bus e ekjon old friend er sathe dekha hoye gelo. Onar sathe ek cup cha kheye onek purono golpo holo.
538,normal,Shanibar family sathe Old Dhaka te biryani khete jabo. Tui ashle aro moja hobe.
539,normal,Ajker rastar jam ekdom unbearable chhilo. Amar office pouchote 2 ghonta laglo. Stress full day.
540,smish,Apnar Payoneer account temporary hold hoyeche suspicious login er jonne. Account unlock korte ekhuni verification korte hobe: payoneer-bdsecure.com. OTP provide na korle taka freeze hobe.
541,smish,Fake job alert: Apni Software Engineer position shortlist hoyechen. Joining er age 5000TK processing fee pay korte hobe Nagad 01755667788 e. Payment chara offer cancel hobe.
542,smish,Bangladesh Bank notice: Apnar NID mismatch detect hoyeche tax refund er jonno. OTP submit korun within 24hr at bb-refundupdate.org. Delay hole refund cancel hobe.
543,smish,Fake medical alert: Apnar blood report abnormal detect hoyeche. Doctor consult korte ekhuni apnar NID and DOB send korun med-alert@bdsecure.net. Na korle appointment cancel hobe.
544,smish,Courier alert: Apnar DHL parcel customs e hold hoyeche. Release korte 3000TK pay korte hobe bkash 01722334455 e. Na korle parcel return hobe automatically.
545,smish,Lottery alert: Apni 50 lakh TK win korechen ekta global draw e. Collect korte 8000TK processing fee joma korte hobe Nagad 01799887766. Delay hole prize cancel hobe.
546,smish,Fake scholarship: Apni Oxford University scholarship er jonno select hoyechen. Seat confirm korte 6000TK pay korte hobe. Deadline 24hr. Email details send korun oxfordbd-scholarship.org.
547,smish,Emergency: Apnar NID misuse hoyeche ekta online transaction e. OTP send korun immediately to +8801998877665. Failure hole taka harano jabe.
548,smish,"Fake travel refund: Apnar canceled flight e 12,000TK refund pending ache. Submit your bank details at travel-refundbd.com. Na korle refund expire hoye jabe."
549,smish,BD Police cyber alert: Apnar social media account suspicious activity detect hoyeche. Recover korte login korun police-securebd.org. Failure hole account permanently deactivate hobe.
550,promo,GP Mega Recharge: 399TK recharge e paben 35GB internet + 200 mins free calls. Offer valid this week. Activate *121*399# now.
551,promo,Robi Movie Pack: 50GB internet + 50 SMS free for only 249TK. Validity 15 days. Dial *123*249# to activate.
552,promo,"Daraz Fashion Sale: T-shirt, jeans, shoes up to 70% discount. Free delivery for orders above 1000TK. Shop now before stock runs out."
553,promo,"Shohoz Bus Tickets: Dhaka to Chittagong 15% discount using promo code BUS15. Limited seats, book fast!"
554,promo,Shwapno Grocery Deal: Buy 5kg rice and get 1kg lentil free. Available all Dhaka outlets. Offer valid this week only.
555,promo,Pickaboo Electronics Week: Smartphone discounts up to 8000TK. EMI available. Free delivery within Dhaka.
556,promo,Uber Eats: First order discount 50% up to 150TK. Use code UBEREATS50. Valid till 15th Sept.
557,promo,"Hotel Cox Today: Book 3 nights, pay for 2 + free breakfast. Call 01300011223 to reserve your room."
558,promo,Banglalink Data Pack: 25GB internet + 200 mins calls only 199TK. Dial *222*199# to activate now.
559,promo,"Arong Fashion Festival: Panjabi, kurti, and scarves up to 40% off. Extra 5% off with bKash payment."
560,promo,"Biman Bangladesh Air: Dhaka to Sylhet round trip only 2999TK. Limited seats, book online now."
561,promo,Shohoz Parcel: First 2 parcels up to 3kg free delivery. Promo code FREE2. Offer valid till month end.
562,promo,Chaldal Grocery: Order 1200TK+ get 200TK cashback using Nagad. Free home delivery within Dhaka same day.
563,promo,"GP YouTube Pack: 20GB only 249TK, validity 30 days. Dial *121*249# now."
564,promo,"Evaly Furniture Sale: Sofa set, bed, dining table up to 50% discount. EMI available. Shop before stock ends."
565,promo,Shohoz Bike Ride: First 5 rides free up to 50TK each. New users only. Promo code BIKE50.
566,promo,GP Music Pack: Unlimited Bangla gaan streaming for 7 days only 49TK. Dial *121*49# to subscribe.
567,promo,Pickaboo Flash Sale: Samsung Galaxy Buds 25% off. Free EMI. Order now before stock ends.
568,promo,Robi Travel Pack: 30GB roaming internet for 999TK. Dial *123*999# before traveling abroad.
569,normal,"Ajker din ta puro busy chhilo university er assignments complete korte giye. Rasta jam chhilo, kintu matha clear kore kaj shesh korte parlam."
570,normal,"Kalke family dinner chhilo. Sobai mile boro table e khawa dawa kore golpo korlam. Maa khub happy chhilo, ami o khushi."
571,normal,"Tui ajke class miss korli, sir blockchain niye boro lecture dilo. Ami sob note korechi, pore tui dekhbi."
572,normal,Ajke cricket kheltam park e. Chhoto bhai ekta amazing goal korlo. Sobai cheer kore boro moja holo.
573,normal,Adhika school theke ekta certificate nia ashse for best handwriting. Sobai proud feel korlam.
574,normal,Inaya amar sathe cartoon dekhe khub moja korse. She notun gaan shikhse ar sobai ke shunalo.
575,normal,Kani ajke debate competition e participate korse. Sobai admire korlo tar confidence. Teacher o khub happy hoilo.
576,normal,"Raysha painting korte giye floor e mess kore dile, kintu she khub cute lagse. Sobai hashilo."
577,normal,Kalke amar old friend sathe rastay dekha holo. Ek cup cha kheye purono golpo korte korte moja holo.
578,normal,Ajke Bangladesh cricket match jitse West Indies er against. Crowd pura excited chhilo.
579,normal,"Exam stress barse, ami raat din study korte hochhi. Tui kemon preparation korchis? Plan kora uchit ek sathe study korar."
580,normal,Weekend e amader plan holo movie night. Sobai mile popcorn banabo ar horror movie dekbo.
581,normal,"Ajker akash khub clear, tara pura dekhte pacchi. Balcony te cha kheye relax korchi."
582,normal,Kalke amar phone kharap hoye geche. Repair korte jete holo New Market. Mechanic bolse motherboard change korte hobe.
583,normal,"Shukrobar bazar e giye onek taka khoroch hoilo. Shobji, machh, mangsho kinte hoilo. Sob fresh chhilo."
584,normal,Ajke class test easy chhilo. Sob question familiar laglo. Matha relax hoilo.
585,normal,Kalke stadium e cricket match dekhlam. Bangladesh last over e win korlo. Crowd pura cheer korlo.
586,normal,Ajke flat e load shedding holo 2 ghonta. Sobai roof e boshe adda marlo. Hawa enjoy korlam.
587,normal,Adhika ajke school e gaan shikhse. Bari eshe puro family ke shunalo. Sobai khushi hoilo.
588,normal,Kani chhoto ekta chobi ankse ar fridge e lagalo. Khub cute lagse.
589,normal,Inaya amar sathe ludo kheltese ar unexpected win korlo. Amar khub moja laglo.
590,normal,Ajke office e new colleague esheche. Sobai friendly behave korche. Amar bhalo laglo.
591,normal,Kalke bus e ekjon old friend dekha holo. Ek cup cha kheye purono golpo korte korte moja holo.
592,normal,Ajker rastar jam unbearable chhilo. Office pouchote 2 ghonta laglo. Stress full day.
593,normal,"Ajke raat e Balcony te boshe cha kheye, stars dekhe moja laglo. Weather ekdom perfect chhilo."
594,normal,Kalke morning walk e onek fresh air pachhilam. Birds ar nature shune mon relax hoilo.
595,normal,"Ajke chhoto bhai amar sathe football khelte giye, amazing goal korlo. Sobai cheer kore."
596,normal,Weekend e cinema hall e chhoto ekta adventure movie dekha plan. Sobai ready thakbe?
597,normal,"Ajke maa ranna ektu experiment korechilo, special biryani. Sobai khub enjoy korlo."
598,normal,"Kalke rasta e onek traffic chhilo, kintu ek cup coffee kheye patience maintain korte parlam."
599,normal,"Ajke office e manager onek important announcement dilo. Sobai serious chhilo, kintu kichu humor o chhilo."
600,normal,"Ajker din ta pura chill, internet e browsing ar music sunte sunte time katlo."
601,normal,"Shukrobar amar sathe friends picnic e jabe. Food, games ar fun activities plan kora ache."
602,normal,Kalke Adhika school er show program e perform korse. Sobai appreciate korlo ar clap korlo.
603,normal,Ajke morning e balcony te cha kheye newspaper porlam. Khub peaceful laglo.
604,normal,"Ajke raat e Inaya amar sathe story share korse, sobai hashilo. Fun evening chhilo."
605,normal,"Weekend e family outing plan kora ache. Dhaka city explore korbo, food ar sightseeing hobe."
